Workbook

Sheet FORMATO DE PERMISOS Y VACACIONE
A2: FORMULARIO DE PERMISOS | J2: CEDULA DE IDENTIDAD
A3: NOMBRE DEL SERVIDOR: | C3: =VLOOKUP($J$3,Hoja2!$A$3:$L$120,2,0) -> Norma Arcos | E3: DEPARTAMENTO: | G3: =VLOOKUP($J$3,Hoja2!$A$3:$L$120,3,0) -> Dirección de Tecnologías de la Información | J3: 1719235432
A4: CEDULA: | C4: =J3 -> 1719235432 | E4: FECHA DE GENERACIÓN: | G4: =NOW() -> 45978.638 | J4: INGRESAR CEDULA SIN GUIONES EN EL CAMPO AMARILLO
A5: PERMISO POR HORAS: | D5: PERMISO POR DÍAS/ VACACIONES | G5: TIPO DE PERMISO | N5: 0.35416667
A6: FECHA: | B6: 45978 | D6: SALDO DE VACACIONES AL 31/10/2025 | E6: =VLOOKUP($J$3,Hoja2!$A$3:$L$120,9,0) -> 4 | F6: días laborables | G6: PERSONAL: | H6: X | N6: 0.375
A7: HORA DE SALIDA: | B7: 0.64583333 | D7: DESDE: | G7: CALAMIDAD DOMÉSTICA:
A8: HORA DE RETORNO: | B8: 0.70833333 | D8: HASTA: | G8: ENFERMEDAD/CITA MÉDICA:
A9: TOTAL HORAS DE PERMISO: | B9: =B8-B7 -> 0.0625 | D9: TOTAL DÍAS DE PERMISO: | E9: =NETWORKDAYS(E7,E8) -> 0 | F9: días laborables | G9: ASUNTOS INSTITUCIONALES
A10: SOLICITANTE | C10: AUTORIZACION | F10: REGISTRO | N10: 0.45833333
N11: 0.47916667
A12: =C3 -> Norma Arcos | C12: =VLOOKUP($J$3,Hoja2!$A$3:$L$120,4,0) -> Dirección de Tecnologías de la Información | F12: Cristina Pucha | N12: 0.5
A13: SERVIDOR(A) | C13: DIRECTOR(A) | F13: DIRECCION ADMINISTRATIVA | N13: 0.52083333
A14: NOTA: Los permisos autorizará únicamente el Director o Jefe de área | F14: Departamento Administrativo | N14: 0.54166667
F15: Formulario # 014 | N15: 0.5625
A16: OBSERVACIONES:
N21: 0.58333333
N22: 0.60416667
N23: 0.625
A24: FORMULARIO DE PERMISOS | N24: 0.64583333
A25: NOMBRE DEL SERVIDOR: | C25: =C3 -> Norma Arcos | E25: DEPARTAMENTO: | G25: =G3 -> Dirección de Tecnologías de la Información | N25: 0.66666667
A26: CEDULA: | C26: =J3 -> 1719235432 | E26: FECHA DE GENERACIÓN: | G26: =NOW() -> 45978.638 | N26: 0.6875
A27: PERMISO POR HORAS: | D27: PERMISO POR DÍAS/ VACACIONES | G27: TIPO DE PERMISO | N27: 0.70833333
A28: FECHA: | B28: =IF(B6=0," ",B6) -> 45978 | D28: =D6 -> SALDO DE VACACIONES AL 31/10/2025 | E28: =VLOOKUP($J$3,Hoja2!$A$3:$L$120,9,0) -> 4 | F28: días laborables | G28: PERSONAL: | H28: =IF(H6=0," ",H6) -> X | N28: 0.375
A29: HORA DE SALIDA: | B29: =B7 -> 0.64583333 | D29: DESDE: | E29: =IF(E7=0," ",E7) | G29: CALAMIDAD DOMÉSTICA: | H29: =IF(H7=0," ",H7)
A30: HORA DE RETORNO: | B30: =B8 -> 0.70833333 | D30: HASTA: | E30: =IF(E8=0," ",E8) | G30: ENFERMEDAD/CITA MÉDICA: | H30: =IF(H8=0," ",H8)
A31: TOTAL HORAS DE PERMISO: | B31: =B9 -> 0.0625 | D31: TOTAL DÍAS DE PERMISO: | E31: =E9 -> 0 | F31: días laborables | G31: ASUNTOS INSTITUCIONALES | H31: =IF(H9=0," ",H9)
A32: SOLICITANTE | C32: AUTORIZACION | F32: REGISTRO
A34: =C25 -> Norma Arcos | C34: =C12 -> Dirección de Tecnologías de la Información | F34: =F12 -> Cristina Pucha
A35: SERVIDOR(A) | C35: DIRECTOR(A) | F35: DIRECCION ADMINISTRATIVA
A36: NOTA: Los permisos autorizará únicamente el Director o Jefe de área | F36: Departamento Administrativo
F37: Formulario # 014
A38: OBSERVACIONES: | B38: =B16 -> 0
A39: =IF(A17=0," ",A17)

Sheet Hoja2
F1: PERMISOS | I1: VACACIONES
A2: Cédula de Ciudadanía | B2: Servidor | C2: Dirección a la que pertenece | D2: Dirección que autoriza | F2: Días | G2: Horas | H2: Minutos | I2: Días Laborables | J2: Horas | K2: Minutos | L2: días calendario
A3: 1713418190 | B3: Marilin Salgado | C3: Dirección Administrativa | D3: Dirección Administrativa | F3: =+'[1]Marilin Salgado'!D4 -> 139 | G3: =+'[1]Marilin Salgado'!E4 -> 3 | H3: =+'[1]Marilin Salgado'!F4 -> 20 | I3: =+'[1]Marilin Salgado'!D5 -> 18 | J3: =+'[1]Marilin Salgado'!E5 -> 3 | K3: =+'[1]Marilin Salgado'!F5 -> 20 | L3: =+'[1]Marilin Salgado'!G5 -> 24.545455
A4: 1003241583 | B4: Wilson Lechón | C4: Dirección de Gestión Ambiental | D4: Dirección de Gestión Ambiental | F4: =+'[1]Wilson Lechon'!D5 -> 144 | G4: =+'[1]Wilson Lechon'!E5 -> 7 | H4: =+'[1]Wilson Lechon'!F5 -> 14 | I4: =+'[1]Wilson Lechon'!D6 -> 0 | J4: =+'[1]Wilson Lechon'!E6 -> 6 | K4: =+'[1]Wilson Lechon'!F6 -> 6 | L4: =+'[1]Wilson Lechon'!G6 -> 0
A5: 1713586129 | B5: Johanna Portilla | C5: Dirección Administrativa | D5: Dirección Administrativa | F5: =+'[1]Johanna Portilla'!D4 -> 138 | G5: =+'[1]Johanna Portilla'!E4 -> 6 | H5: =+'[1]Johanna Portilla'!F4 -> 42 | I5: =+'[1]Johanna Portilla'!D5 -> 21 | J5: =+'[1]Johanna Portilla'!E5 -> 3 | K5: =+'[1]Johanna Portilla'!F5 -> 58 | L5: =+'[1]Johanna Portilla'!G5 -> 28.636364
A6: 1102049705 | B6: Mabel Córdova | C6: Dirección Ejecutiva | D6: Dirección Ejecutiva | F6: =+'[1]Mabel Córdova'!D4 -> 145 | G6: =+'[1]Mabel Córdova'!E4 -> 5 | H6: =+'[1]Mabel Córdova'!F4 -> 56 | I6: =+'[1]Mabel Córdova'!D5 -> 27 | J6: =+'[1]Mabel Córdova'!E5 -> 4 | K6: =+'[1]Mabel Córdova'!F5 -> 44 | L6: =+'[1]Mabel Córdova'!G5 -> 36.818182
A7: 1705685657 | B7: José Andrade | C7: Dirección de Vialidad, Infraestructura, Riego y Drenaje | D7: Dirección de Vialidad, Infraestructura, Riego y Drenaje | F7: =+'[1]José Andrade'!D5 -> 150 | G7: =+'[1]José Andrade'!E5 -> 7 | H7: =+'[1]José Andrade'!F5 -> 49 | I7: =+'[1]José Andrade'!D6 -> 20 | J7: =+'[1]José Andrade'!E6 -> 1 | K7: =+'[1]José Andrade'!F6 -> 31 | L7: =+'[1]José Andrade'!G6 -> 27.272727
A8: 1714728738 | B8: Jeanine Alvear | C8: Dirección de Fomento Productivo | D8: Dirección de Gestión Ambiental | F8: ='[1]Jeanine Alvear'!D6 -> 161 | G8: ='[1]Jeanine Alvear'!E6 -> 0 | H8: ='[1]Jeanine Alvear'!F6 -> 28 | I8: ='[1]Jeanine Alvear'!D7 -> 21 | J8: ='[1]Jeanine Alvear'!E7 -> 4 | K8: ='[1]Jeanine Alvear'!F7 -> 52 | L8: ='[1]Jeanine Alvear'!G7 -> 28.636364
A9: 1719055830 | B9: María José Almache | C9: Dirección de Fomento Productivo | D9: Dirección de Fomento Productivo | F9: =+'[1]María José Almache'!D5 -> 146 | G9: =+'[1]María José Almache'!E5 -> 0 | H9: =+'[1]María José Almache'!F5 -> 18 | I9: =+'[1]María José Almache'!D6 -> 13 | J9: =+'[1]María José Almache'!E6 -> 1 | K9: =+'[1]María José Almache'!F6 -> 2 | L9: =+'[1]María José Almache'!G6 -> 17.727273
A10: 1717498396 | B10: Paola Cadena | C10: Dirección de Proyectos, Seguimiento y Monitoreo | D10: Dirección de Proyectos, Seguimiento y Monitoreo | F10: =+'[1]Paola Cadena'!D4 -> 125 | G10: =+'[1]Paola Cadena'!E4 -> 6 | H10: =+'[1]Paola Cadena'!F4 -> 50 | I10: =+'[1]Paola Cadena'!D5 -> 20 | J10: =+'[1]Paola Cadena'!E5 -> 3 | K10: =+'[1]Paola Cadena'!F5 -> 50 | L10: =+'[1]Paola Cadena'!G5 -> 27.272727
A11: 1711331668 | B11: Gabriela Banda | C11: Dirección de Asesoría Jurídica | D11: Dirección de Asesoría Jurídica | F11: =+'[1]Gabriela Banda'!D4 -> 89 | G11: =+'[1]Gabriela Banda'!E4 -> 3 | H11: =+'[1]Gabriela Banda'!F4 -> 31 | I11: =+'[1]Gabriela Banda'!D5 -> 15 | J11: =+'[1]Gabriela Banda'!E5 -> 4 | K11: =+'[1]Gabriela Banda'!F5 -> 45 | L11: =+'[1]Gabriela Banda'!G5 -> 20.454545
A12: 501692511 | B12: Antonieta Araujo | C12: Dirección Administrativa | D12: Dirección Administrativa | F12: =+'[1]Antonieta Araujo'!D6 -> 122 | G12: =+'[1]Antonieta Araujo'!E6 -> 0 | H12: =+'[1]Antonieta Araujo'!F6 -> 31 | I12: =+'[1]Antonieta Araujo'!D7 -> 28 | J12: =+'[1]Antonieta Araujo'!E7 -> 3 | K12: =+'[1]Antonieta Araujo'!F7 -> 29 | L12: =+'[1]Antonieta Araujo'!G7 -> 38.181818
A13: 1715594287 | B13: Jenny Carrillo | C13: Dirección de Proyectos, Seguimiento y Monitoreo | D13: Dirección de Planificación | F13: =+'[1]Jenny Carrillo'!D4 -> 127 | G13: =+'[1]Jenny Carrillo'!E4 -> 0 | H13: =+'[1]Jenny Carrillo'!F4 -> 4 | I13: =+'[1]Jenny Carrillo'!D5 -> 23 | J13: =+'[1]Jenny Carrillo'!E5 -> 1 | K13: =+'[1]Antonieta Araujo'!F8 -> 0 | L13: =+'[1]Jenny Carrillo'!G5 -> 31.363636
A14: 401075031 | B14: Viviana De la Cadena | C14: Dirección de Cooperación | D14: Dirección de Cooperación | F14: =+'[1]Viviana de la Cadena'!D6 -> 158 | G14: =+'[1]Viviana de la Cadena'!E6 -> 4 | H14: =+'[1]Viviana de la Cadena'!F6 -> 31 | I14: =+'[1]Viviana de la Cadena'!D7 -> 18 | J14: =+'[1]Viviana de la Cadena'!E7 -> 0 | K14: =+'[1]Viviana de la Cadena'!F7 -> 49 | L14: =+'[1]Viviana de la Cadena'!G7 -> 24.545455
A15: 502811573 | B15: Lorena Erazo | C15: Dirección de Vialidad, Infraestructura, Riego y Drenaje | D15: Dirección de Vialidad, Infraestructura, Riego y Drenaje | F15: =+'[1]Lorena Erazo'!D6 -> 134 | G15: =+'[1]Lorena Erazo'!E6 -> 0 | H15: =+'[1]Lorena Erazo'!F6 -> 36 | I15: =+'[1]Lorena Erazo'!D7 -> 39 | J15: =+'[1]Lorena Erazo'!E7 -> 4 | K15: =+'[1]Lorena Erazo'!F7 -> 44 | L15: =+'[1]Lorena Erazo'!G7 -> 53.181818
A16: 1714505433 | B16: Victoria Guerra | C16: Dirección Financiera | D16: Dirección Financiera | F16: =+'[1]Victoria Guerra'!D5 -> 154 | G16: =+'[1]Victoria Guerra'!E5 -> 3 | H16: =+'[1]Victoria Guerra'!F5 -> 21 | I16: =+'[1]Victoria Guerra'!D6 -> 31 | J16: =+'[1]Victoria Guerra'!E6 -> 7 | K16: =+'[1]Victoria Guerra'!F6 -> 19 | L16: =+'[1]Victoria Guerra'!G6 -> 42.272727
A17: 1720496791 | B17: Renán Guerrero | C17: Dirección de Tecnologías de la Información | D17: Direccion Ejecutiva | F17: =+'[1]Renan Guerrero'!D4 -> 108 | G17: =+'[1]Renan Guerrero'!E4 -> 4 | H17: =+'[1]Renan Guerrero'!F4 -> 52 | I17: =+'[1]Renan Guerrero'!D5 -> 33 | J17: =+'[1]Renan Guerrero'!E5 -> 1 | K17: =+'[1]Renan Guerrero'!F5 -> 48 | L17: =+'[1]Renan Guerrero'!G5 -> 45
A18: 1103992416 | B18: Henrry Guzmán | C18: Dirección de Gestión Ambiental | D18: Dirección Ejecutiva | F18: =+'[1]Henrry Guzman'!D4 -> 140 | G18: =+'[1]Henrry Guzman'!E4 -> 0 | H18: =+'[1]Henrry Guzman'!F4 -> 30 | I18: =+'[1]Henrry Guzman'!D5 -> 23 | J18: =+'[1]Henrry Guzman'!E5 -> 0 | K18: =+'[1]Henrry Guzman'!F5 -> 50 | L18: =+'[1]Henrry Guzman'!G5 -> 31.363636
A19: 401030523 | B19: Lenin Illapa | C19: Dirección de Tecnologías de la Información | D19: Dirección de Tecnologías de la Información | F19: =+'[1]Lenin Illapa'!D4 -> 136 | G19: =+'[1]Lenin Illapa'!E4 -> 5 | H19: =+'[1]Lenin Illapa'!F4 -> 25 | I19: =+'[1]Lenin Illapa'!D5 -> 8 | J19: =+'[1]Lenin Illapa'!E5 -> 5 | K19: =+'[1]Lenin Illapa'!F5 -> 15 | L19: =+'[1]Lenin Illapa'!G5 -> 10.909091
A20: 1802921617 | B20: María Elena Llerena | C20: Dirección de Fomento Productivo | D20: Direcció de Fomento Productivo | F20: =+'[1]Maria Elena Llerena'!D4 -> 139 | G20: =$F$20 -> 139 | H20: =$F$20 -> 139 | I20: =+'[1]Maria Elena Llerena'!D5 -> 9 | J20: =+'[1]Maria Elena Llerena'!E5 -> 6 | K20: =+'[1]Maria Elena Llerena'!F5 -> 12 | L20: =+'[1]Maria Elena Llerena'!G5 -> 12.272727
A21: 801553215 | B21: Verónica Marchán | C21: Dirección Financiera | D21: Dirección Financiera | F21: =+'[1]Verónica Marchan'!D4 -> 140 | G21: =+'[1]Verónica Marchan'!E4 -> 4 | H21: =+'[1]Verónica Marchan'!F4 -> 37 | I21: =+'[1]Verónica Marchan'!D5 -> 24 | J21: =+'[1]Verónica Marchan'!E5 -> 6 | K21: =+'[1]Verónica Marchan'!F5 -> 3 | L21: =+'[1]Verónica Marchan'!G5 -> 32.727273
A22: 1724351406 | B22: Byron Mera | C22: Dirección Administrativa | D22: Dirección Administrativa | F22: =+'[1]Byron Mera'!D4 -> 143 | G22: =+'[1]Byron Mera'!E4 -> 6 | H22: =+'[1]Byron Mera'!F4 -> 42 | I22: =+'[1]Byron Mera'!D5 -> 7 | J22: =+'[1]Byron Mera'!E5 -> 5 | K22: =+'[1]Byron Mera'!F5 -> 18 | L22: =+'[1]Byron Mera'!G5 -> 9.5454545
A23: 1712911468 | B23: Mónica Muñoz | C23: Dirección Ejecutiva | D23: Dirección Ejecutiva | F23: =+'[1]Mónica Muñoz'!D5 -> 166 | G23: =+'[1]Mónica Muñoz'!E5 -> 3 | H23: =+'[1]Mónica Muñoz'!F5 -> 24 | I23: =+'[1]Mónica Muñoz'!D6 -> 19 | J23: =+'[1]Mónica Muñoz'!E6 -> 0 | K23: =+'[1]Mónica Muñoz'!F6 -> 36 | L23: =+'[1]Mónica Muñoz'!G6 -> 25.909091
A24: 1712610953 | B24: Sandra Negrete | C24: Dirección Administrativa | D24: Dirección Administrativa | F24: =+'[1]Sandra Negrete'!D4 -> 134 | G24: =+'[1]Sandra Negrete'!E4 -> 4 | H24: =+'[1]Sandra Negrete'!F4 -> 28 | I24: =+'[1]Sandra Negrete'!D5 -> 15 | J24: =+'[1]Sandra Negrete'!E5 -> 7 | K24: =+'[1]Sandra Negrete'!F5 -> 32 | L24: =+'[1]Sandra Negrete'!G5 -> 20.454545
A25: 1713427548 | B25: Joe Ortiz | C25: Dirección de Tecnologías de la Información | D25: Dirección de Tecnologías de la Información | F25: =+'[1]Joe Ortiz'!D5 -> 118 | G25: =+'[1]Joe Ortiz'!E5 -> 1 | H25: =+'[1]Joe Ortiz'!F5 -> 49 | I25: =+'[1]Joe Ortiz'!D6 -> 25 | J25: =+'[1]Joe Ortiz'!E6 -> 2 | K25: =+'[1]Joe Ortiz'!F6 -> 11 | L25: =+'[1]Joe Ortiz'!G6 -> 34.090909
A26: 1720669561 | B26: Cristina Pucha | C26: Dirección Administrativa | D26: Dirección Administrativa | F26: =+'[1]Cristina Pucha'!D4 -> 142 | G26: =+'[1]Cristina Pucha'!E4 -> 6 | H26: =+'[1]Cristina Pucha'!F4 -> 31 | I26: =+'[1]Cristina Pucha'!D5 -> 18 | J26: =+'[1]Cristina Pucha'!E5 -> 4 | K26: =+'[1]Cristina Pucha'!F5 -> 9 | L26: =+'[1]Cristina Pucha'!G5 -> 24.545455
A27: 401077276 | B27: María Dolores Ponce | C27: Dirección de Comunicación | D27: Dirección de Comunicación | F27: =+'[1]María Dolores Ponce'!D4 -> 136 | G27: =+'[1]María Dolores Ponce'!E4 -> 1 | H27: =+'[1]María Dolores Ponce'!F4 -> 10 | I27: =+'[1]María Dolores Ponce'!D5 -> 16 | J27: =+'[1]María Dolores Ponce'!E5 -> 0 | K27: =+'[1]María Dolores Ponce'!F5 -> 10 | L27: =+'[1]María Dolores Ponce'!G5 -> 21.818182
A28: 801780479 | B28: Teresa Rea | C28: Dirección de Comunicación | D28: Dirección de Comunicación | F28: =+'[1]Teresa Rea'!D4 -> 101 | G28: =+'[1]Teresa Rea'!E4 -> 6 | H28: =+'[1]Teresa Rea'!F4 -> 26 | I28: =+'[1]Teresa Rea'!D5 -> 44 | J28: =+'[1]Teresa Rea'!E5 -> 4 | K28: =+'[1]Teresa Rea'!F5 -> 14 | L28: =+'[1]Teresa Rea'!G5 -> 60
A29: 501879373 | B29: Idilia Reinoso | C29: Dirección de Asesoría Jurídica | D29: Dirección de Asesoría Jurídica | F29: =+'[1]Idilia Reinoso'!D4 -> 144 | G29: =+'[1]Idilia Reinoso'!E4 -> 2 | H29: =+'[1]Idilia Reinoso'!F4 -> 17 | I29: =+'[1]Idilia Reinoso'!D5 -> 14 | J29: =+'[1]Idilia Reinoso'!E5 -> 0 | K29: =+'[1]Idilia Reinoso'!F5 -> 23 | L29: =+'[1]Idilia Reinoso'!G5 -> 19.090909
A30: 603200544 | B30: Fabián Romero | C30: Dirección de Vialidad, Infraestructura, Riego y Drenaje | D30: Dirección de Vialidad, Infraestructura, Riego y Drenaje | F30: =+'[1]Fabian Romero'!D4 -> 130 | G30: =+'[1]Fabian Romero'!E4 -> 5 | H30: =+'[1]Fabian Romero'!F4 -> 29 | I30: =+'[1]Fabian Romero'!D5 -> 9 | J30: =+'[1]Fabian Romero'!E5 -> 3 | K30: =+'[1]Fabian Romero'!F5 -> 51 | L30: =+'[1]Fabian Romero'!G5 -> 12.272727
A31: 703331702 | B31: Darwin Ruilova | C31: Dirección de Asesoría Jurídica | D31: Dirección de Asesoría Jurídica | F31: =+'[1]Darwin Ruilova'!D4 -> 108 | G31: =+'[1]Darwin Ruilova'!E4 -> 0 | H31: =+'[1]Darwin Ruilova'!F4 -> 33 | I31: =+'[1]Darwin Ruilova'!D5 -> 44 | J31: =+'[1]Darwin Ruilova'!E5 -> 4 | K31: =+'[1]Darwin Ruilova'!F5 -> 47 | L31: =+'[1]Darwin Ruilova'!G5 -> 60
A32: 1717608903 | B32: Mario Sáenz | C32: Unidad de Gestión Social / Dirección Administrativa | D32: Unidad de Gestión Social / Dirección Administrativa | F32: =+'[1]Mario Saenz'!D4 -> 110 | G32: =+'[1]Mario Saenz'!E4 -> 5 | H32: =+'[1]Mario Saenz'!F4 -> 45 | I32: =+'[1]Mario Saenz'!D5 -> 39 | J32: =+'[1]Mario Saenz'!E5 -> 3 | K32: =+'[1]Mario Saenz'!F5 -> 35 | L32: =+'[1]Mario Saenz'!G5 -> 53.181818
A33: 1716068398 | B33: David Sánchez | C33: Dirección de Planificación | D33: Dirección de Planificación | F33: =+'[1]David Sánchez'!D4 -> 138 | G33: =+'[1]David Sánchez'!E4 -> 2 | H33: =+'[1]David Sánchez'!F4 -> 30 | I33: =+'[1]David Sánchez'!D5 -> 28 | J33: =+'[1]David Sánchez'!E5 -> 1 | K33: =+'[1]David Sánchez'!F5 -> 30 | L33: =+'[1]David Sánchez'!G5 -> 38.181818
A34: 1714014055 | B34: María Toapanta | C34: Dirección Administrativa | D34: Dirección Administrativa | F34: =+'[1]María Toapanta'!D4 -> 131 | G34: =+'[1]María Toapanta'!E4 -> 5 | H34: =+'[1]María Toapanta'!F4 -> 51 | I34: =+'[1]María Toapanta'!D5 -> 11 | J34: =+'[1]María Toapanta'!E5 -> 4 | K34: =+'[1]María Toapanta'!F5 -> 49 | L34: =+'[1]María Toapanta'!G5 -> 15
A35: 1307867034 | B35: Lucrecia Torres | C35: Dirección Ejecutiva | D35: Dirección de Planificación | F35: =+'[1]Lucrecia Torres'!D5 -> 140 | G35: =+'[1]Lucrecia Torres'!E5 -> 0 | H35: =+'[1]Lucrecia Torres'!F5 -> 14 | I35: =+'[1]Lucrecia Torres'!D6 -> 34 | J35: =+'[1]Lucrecia Torres'!E6 -> 6 | K35: =+'[1]Lucrecia Torres'!F6 -> 26 | L35: =+'[1]Lucrecia Torres'!G6 -> 46.363636
A36: 1716936529 | B36: Katty Toscano | C36: Dirección de Comunicación | D36: Dirección de Comunicación | F36: =+'[1]Katty Toscano'!D5 -> 150 | G36: =+'[1]Katty Toscano'!E5 -> 7 | H36: =+'[1]Katty Toscano'!F5 -> 11 | I36: =+'[1]Katty Toscano'!D6 -> 13 | J36: =+'[1]Katty Toscano'!E6 -> 6 | K36: =+'[1]Katty Toscano'!F6 -> 9 | L36: =+'[1]Katty Toscano'!G6 -> 17.727273
A37: 1600325292 | B37: Natalia Valverde | C37: Dirección Administrativa | D37: Dirección Administrativa | F37: =+'[1]Natalia Valverde'!D5 -> 96 | G37: =+'[1]Natalia Valverde'!E5 -> 3 | H37: =+'[1]Natalia Valverde'!F5 -> 51 | I37: =+'[1]Natalia Valverde'!D6 -> 33 | J37: =+'[1]Natalia Valverde'!E6 -> 2 | K37: =+'[1]Natalia Valverde'!F6 -> 49 | L37: =+'[1]Natalia Valverde'!G6 -> 45
A38: 1500871478 | B38: Alondra Yépez | C38: Unidad de Gestión Social / Dirección Administrativa | D38: Unidad de Gestión Social / Dirección Administrativa | F38: =+'[1]Alondra Yepez'!D4 -> 132 | G38: =+'[1]Alondra Yepez'!E4 -> 5 | H38: =+'[1]Alondra Yepez'!F4 -> 15.166667 | I38: =+'[1]Alondra Yepez'!D5 -> 7 | J38: =+'[1]Alondra Yepez'!E5 -> 5 | K38: =+'[1]Alondra Yepez'!F5 -> 24.833333 | L38: =+'[1]Alondra Yepez'!G5 -> 9.5454545
A39: 704159847 | B39: Andrés Zambrano | C39: Dirección de Asesoría Jurídica | D39: Dirección de Asesoría Jurídica | F39: =+'[1]Andrés Zambrano'!D5 -> 121 | G39: =+'[1]Andrés Zambrano'!E5 -> 6 | H39: =+'[1]Andrés Zambrano'!F5 -> 43 | I39: =+'[1]Andrés Zambrano'!D6 -> 26 | J39: =+'[1]Andrés Zambrano'!E6 -> 7 | K39: =+'[1]Andrés Zambrano'!F6 -> 57 | L39: =+'[1]Andrés Zambrano'!G6 -> 35.454545
A40: 1713851416 | B40: Ana Zambrano | C40: Dirección Administrativa | D40: Dirección Administrativa | F40: =+'[1]Ana Zambrano'!D4 -> 147 | G40: =+'[1]Ana Zambrano'!E4 -> 6 | H40: =+'[1]Ana Zambrano'!F4 -> 50.09375 | I40: =+'[1]Ana Zambrano'!D5 -> 7 | J40: =+'[1]Ana Zambrano'!E5 -> 3 | K40: =+'[1]Ana Zambrano'!F5 -> 49.90625 | L40: =+'[1]Ana Zambrano'!G5 -> 9.5454545
A41: 704704832 | B41: Alejandra Mendieta | C41: Dirección de Fomento Productivo | D41: Dirección de Fomento Productivo | F41: =+'[1]Alejandra Mendieta'!D5 -> 112 | G41: =+'[1]Alejandra Mendieta'!E5 -> 3 | H41: =+'[1]Alejandra Mendieta'!F5 -> 54 | I41: =+'[1]Alejandra Mendieta'!D6 -> 19 | J41: =+'[1]Alejandra Mendieta'!E6 -> 2 | K41: =+'[1]Alejandra Mendieta'!F6 -> 46 | L41: =+'[1]Alejandra Mendieta'!G6 -> 25.909091
A42: 202012209 | B42: Dany Arias | C42: Dirección Administrativa | D42: Dirección Administrativa | F42: =+'[1]Dany Arias'!D4 -> 98 | G42: =+'[1]Dany Arias'!E4 -> 0 | H42: =+'[1]Dany Arias'!F4 -> 24 | I42: =+'[1]Dany Arias'!D5 -> 26 | J42: =+'[1]Dany Arias'!E5 -> 3 | K42: =+'[1]Dany Arias'!F5 -> 33.696 | L42: =+'[1]Dany Arias'!G5 -> 35.454545
A43: 201846219 | B43: José García | C43: Dirección Administrativa | D43: Dirección Administrativa | F43: =+'[1]José García'!D4 -> 97 | G43: =+'[1]José García'!E4 -> 4 | H43: =+'[1]José García'!F4 -> 0 | I43: =+'[1]José García'!D5 -> 28 | J43: =+'[1]José García'!E5 -> 7 | K43: =+'[1]José García'!F5 -> 57.696 | L43: =+'[1]José García'!G5 -> 38.181818
A44: 1711450377 | B44: William Escobar | C44: Dirección Administrativa | D44: Dirección Administrativa | F44: =+'[1]William Escobar'!D5 -> 141 | G44: =+'[1]William Escobar'!E5 -> 3 | H44: =+'[1]William Escobar'!F5 -> 53 | I44: =+'[1]William Escobar'!D6 -> 25 | J44: =+'[1]William Escobar'!E6 -> 4 | K44: =+'[1]William Escobar'!F6 -> 7 | L44: =+'[1]William Escobar'!G6 -> 34.090909
A45: 1708887136 | B45: Marcelo Maldonado | C45: Dirección Administrativa | D45: Dirección Administrativa | F45: =+'[1]Marcelo Maldonado'!D4 -> 110 | G45: =+'[1]Marcelo Maldonado'!E4 -> 3 | H45: =+'[1]Marcelo Maldonado'!F4 -> 30 | I45: =+'[1]Marcelo Maldonado'!D5 -> 8 | J45: =+'[1]Marcelo Maldonado'!E5 -> 0 | K45: =+'[1]Marcelo Maldonado'!F5 -> 27.696 | L45: =+'[1]Marcelo Maldonado'!G5 -> 10.909091
A46: 1103003107 | B46: Humberto Ordoñez | C46: Dirección Administrativa | D46: Dirección Administrativa | F46: =+'[1]Humberto Ordoñez'!D4 -> 116 | G46: =+'[1]Humberto Ordoñez'!E4 -> 0 | H46: =+'[1]Humberto Ordoñez'!F4 -> 15 | I46: =+'[1]Humberto Ordoñez'!D5 -> 8 | J46: =+'[1]Humberto Ordoñez'!E5 -> 3 | K46: =+'[1]Humberto Ordoñez'!F5 -> 42.696 | L46: =+'[1]Humberto Ordoñez'!G5 -> 10.909091
A47: 1716592017 | B47: Santiago Saltos | C47: Dirección Administrativa | D47: Dirección Administrativa | F47: =+'[1]Santiago Saltos'!D4 -> 82 | G47: =+'[1]Santiago Saltos'!E4 -> 4 | H47: =+'[1]Santiago Saltos'!F4 -> 0 | I47: =+'[1]Santiago Saltos'!D5 -> 38 | J47: =+'[1]Santiago Saltos'!E5 -> 3 | K47: =+'[1]Santiago Saltos'!F5 -> 54.24 | L47: =+'[1]Santiago Saltos'!G5 -> 51.818182
A48: 503063000 | B48: Amelia Ullco | C48: Dirección Administrativa | D48: Dirección Administrativa | F48: =+'[1]Amelia Ullco'!D4 -> 101 | G48: =+'[1]Amelia Ullco'!E4 -> 7 | H48: =+'[1]Amelia Ullco'!F4 -> 1 | I48: =+'[1]Amelia Ullco'!D5 -> 23 | J48: =+'[1]Amelia Ullco'!E5 -> 4 | K48: =+'[1]Amelia Ullco'!F5 -> 59 | L48: =+'[1]Amelia Ullco'!G5 -> 31.363636
A49: 1712593225 | B49: Gabriela Díaz | C49: Dirección de Cooperación | D49: Dirección de Cooperación | F49: =+'[1]Gabriela Díaz'!D4 -> 43 | G49: =+'[1]Gabriela Díaz'!E4 -> 0 | H49: =+'[1]Gabriela Díaz'!F4 -> 12 | I49: =+'[1]Gabriela Díaz'!D5 -> 37 | J49: =+'[1]Gabriela Díaz'!E5 -> 3 | K49: =+'[1]Gabriela Díaz'!F5 -> 48 | L49: =+'[1]Gabriela Díaz'!G5 -> 50.454545
A50: 1725805657 | B50: Christian Herrera | C50: Dirección de Proyectos, Seguimiento y Monitoreo | D50: Dirección de Proyectos, Seguimiento y Monitoreo | F50: =+'[1]Christian Herrera'!D4 -> 58 | G50: =+'[1]Christian Herrera'!E4 -> 0 | H50: =+'[1]Christian Herrera'!F4 -> 52 | I50: =+'[1]Christian Herrera'!D5 -> 25 | J50: =+'[1]Christian Herrera'!E5 -> 3 | K50: =+'[1]Christian Herrera'!F5 -> 8 | L50: =+'[1]Christian Herrera'!G5 -> 34.090909
A51: 1721921789 | B51: Victor Caisapanta | C51: Dirección Administrativa | D51: Dirección Administrativa | F51: =+'[1]Victor Caisapanta'!D6 -> 0 | G51: =+'[1]Victor Caisapanta'!E4 -> 4 | H51: =+'[1]Victor Caisapanta'!F4 -> 59 | I51: =+'[1]Victor Caisapanta'!D5 -> 6 | J51: =+'[1]Victor Caisapanta'!E5 -> 1 | K51: =+'[1]Victor Caisapanta'!F5 -> 41 | L51: =+'[1]Victor Caisapanta'!G5 -> 8.1818182
A52: 1707719892 | B52: Pedro Díaz | C52: Dirección Administrativa | D52: Dirección Administrativa | F52: =+'[1]Pedro Díaz'!D5 -> 12 | G52: =+'[1]Pedro Díaz'!E4 -> 3 | H52: =+'[1]Pedro Díaz'!F4 -> 31 | I52: =+'[1]Pedro Díaz'!D5 -> 12 | J52: =+'[1]Pedro Díaz'!E5 -> 0 | K52: =+'[1]Pedro Díaz'!F5 -> 29 | L52: =+'[1]Pedro Díaz'!G5 -> 16.363636
A53: 1711449627 | B53: Luis Santiana | C53: Dirección de Asesoría Jurídica | D53: Dirección de Asesoría Jurídica | F53: =+'[1]Luis Santiana'!D5 -> 31 | G53: =+'[1]Luis Santiana'!E4 -> 4 | H53: =+'[1]Luis Santiana'!F4 -> 55 | I53: =+'[1]Luis Santiana'!D5 -> 31 | J53: =+'[1]Luis Santiana'!E5 -> 1 | K53: =+'[1]Luis Santiana'!F5 -> 45 | L53: =+'[1]Luis Santiana'!G5 -> 42.272727
A54: 1727287219 | B54: Byron Díaz | C54: Dirección de Comunicación | D54: Dirección de Comunicación | F54: =+'[1]Byron Díaz'!D5 -> 26 | G54: =+'[1]Byron Díaz'!E4 -> 4 | H54: =+'[1]Byron Díaz'!F4 -> 12 | I54: =+'[1]Byron Díaz'!D5 -> 26 | J54: =+'[1]Byron Díaz'!E5 -> 3 | K54: =+'[1]Byron Díaz'!F5 -> 48 | L54: =+'[1]Byron Díaz'!G5 -> 35.454545
A55: 1715425391 | B55: Diana Pérez | C55: Dirección de Comunicación | D55: Dirección de Comunicación | F55: =+'[1]Diana Pérez'!D6 -> 17 | G55: =+'[1]Diana Pérez'!E5 -> 7 | H55: =+'[1]Diana Pérez'!F5 -> 40.25 | I55: =+'[1]Diana Pérez'!D6 -> 17 | J55: =+'[1]Diana Pérez'!E6 -> 6 | K55: =+'[1]Diana Pérez'!F6 -> 59.75 | L55: =+'[1]Diana Pérez'!G6 -> 23.181818
A56: 1723583363 | B56: Henry Moreira. | C56: Dirección de Fomento Productivo | D56: Dirección de Fomento Productivo | F56: ='[1]Henry Moreira.'!D5 -> 18 | G56: ='[1]Henry Moreira.'!E4 -> 4 | H56: ='[1]Henry Moreira.'!F4 -> 50 | I56: ='[1]Henry Moreira.'!D5 -> 18 | J56: ='[1]Henry Moreira.'!E5 -> 5 | K56: ='[1]Henry Moreira.'!F5 -> 50 | L56: ='[1]Henry Moreira.'!G5 -> 24.545455
A57: 401646922 | B57: Evelyn Eche | C57: Dirección Financiera | D57: Dirección Financiera | F57: =+'[1]Evelyn Eche'!D5 -> 28 | G57: =+'[1]Evelyn Eche'!E4 -> 6 | H57: =+'[1]Evelyn Eche'!F4 -> 38 | I57: =+'[1]Evelyn Eche'!D5 -> 28 | J57: =+'[1]Evelyn Eche'!E5 -> 0 | K57: =+'[1]Evelyn Eche'!F5 -> 2 | L57: =+'[1]Evelyn Eche'!G5 -> 38.181818
A58: 1716086648 | B58: Paulina Román | C58: Dirección Financiera | D58: Dirección Financiera | F58: =+'[1]Paulina Román'!D5 -> 22 | G58: =+'[1]Paulina Román'!E4 -> 2 | H58: =+'[1]Paulina Román'!F4 -> 4 | I58: =+'[1]Paulina Román'!D5 -> 22 | J58: =+'[1]Paulina Román'!E5 -> 1 | K58: =+'[1]Paulina Román'!F5 -> 56 | L58: =+'[1]Paulina Román'!G5 -> 30
A59: 1722878186 | B59: Walter Morante | C59: Dirección Administrativa | D59: Dirección Administrativa | F59: =+'[1]Walter Morante'!D5 -> 12 | G59: =+'[1]Walter Morante'!E4 -> 7 | H59: =+'[1]Walter Morante'!F4 -> 0 | I59: =+'[1]Walter Morante'!D5 -> 12 | J59: =+'[1]Walter Morante'!E5 -> 4 | K59: =+'[1]Walter Morante'!F5 -> 60 | L59: =+'[1]Walter Morante'!G5 -> 16.363636
A60: 1714751615 | B60: Diego Sáenz | C60: Dirección de Planificación | D60: Dirección de Planificación | F60: =+'[1]Diego Sáenz'!D5 -> 28 | G60: =+'[1]Diego Sáenz'!E4 -> 2 | H60: =+'[1]Diego Sáenz'!F4 -> 56 | I60: =+'[1]Diego Sáenz'!D5 -> 28 | J60: =+'[1]Diego Sáenz'!E5 -> 1 | K60: =+'[1]Diego Sáenz'!F5 -> 4 | L60: =+'[1]Diego Sáenz'!G5 -> 38.181818
A61: 1721130639 | B61: Wiliam Salazar | C61: Dirección de Tecnologías de la Información | D61: Dirección de Tecnologías de la Información | F61: =+'[1]Wiliam Salazar'!D5 -> 13 | G61: =+'[1]Wiliam Salazar'!E4 -> 3 | H61: =+'[1]Wiliam Salazar'!F4 -> 41 | I61: =+'[1]Wiliam Salazar'!D5 -> 13 | J61: =+'[1]Wiliam Salazar'!E5 -> 0 | K61: =+'[1]Wiliam Salazar'!F5 -> 19 | L61: =+'[1]Wiliam Salazar'!G5 -> 17.727273
A62: 1716135379 | B62: Natalia Jiménez | C62: Dirección de Proyectos, Seguimiento y Monitoreo | D62: Dirección de Proyectos, Seguimiento y Monitoreo | F62: =+'[1]Natalia Jiménez'!D5 -> 13 | G62: =+'[1]Natalia Jiménez'!E4 -> 4 | H62: =+'[1]Natalia Jiménez'!F4 -> 33 | I62: =+'[1]Natalia Jiménez'!D5 -> 13 | J62: =+'[1]Natalia Jiménez'!E5 -> 7 | K62: =+'[1]Natalia Jiménez'!F5 -> 27 | L62: =+'[1]Natalia Jiménez'!G5 -> 17.727273
A63: 1713060265 | B63: César Ramos | C63: Dirección Financiera | D63: Dirección Financiera | F63: =+'[1]César Ramos'!D5 -> 18 | G63: =+'[1]César Ramos'!E4 -> 1 | H63: =+'[1]César Ramos'!F4 -> 10 | I63: =+'[1]César Ramos'!D5 -> 18 | J63: =+'[1]César Ramos'!E5 -> 5 | K63: =+'[1]César Ramos'!F5 -> 30 | L63: =+'[1]César Ramos'!G5 -> 24.545455
A64: 1103341077 | B64: Rocío Granda | C64: Dirección de Fomento Productivo | D64: Dirección de Fomento Productivo | F64: =+'[1]Rocío Granda'!D5 -> 10 | G64: =+'[1]Rocío Granda'!E4 -> 6 | H64: =+'[1]Rocío Granda'!F4 -> 44 | I64: =+'[1]Rocío Granda'!D5 -> 10 | J64: =+'[1]Rocío Granda'!E5 -> 2 | K64: =+'[1]Rocío Granda'!F5 -> 36 | L64: =+'[1]Rocío Granda'!G5 -> 13.636364
A65: 1719235432 | B65: Norma Arcos | C65: Dirección de Tecnologías de la Información | D65: Dirección de Tecnologías de la Información | F65: =+'[1]Norma Arcos'!D5 -> 4 | G65: =+'[1]Norma Arcos'!E4 -> 2 | H65: =+'[1]Norma Arcos'!F4 -> 0 | I65: =+'[1]Norma Arcos'!D5 -> 4 | J65: =+'[1]Norma Arcos'!E5 -> 0 | K65: =+'[1]Norma Arcos'!F5 -> 40 | L65: =+'[1]Norma Arcos'!G5 -> 5.4545455
A66: 1712928272 | B66: Javier Chillogallo | C66: Dirección de Tecnologías de la Información | D66: Dirección de Tecnologías de la Información | F66: =+'[1]Javier Chillogallo'!D5 -> 5 | G66: =+'[1]Javier Chillogallo'!E4 -> 0 | H66: =+'[1]Javier Chillogallo'!F4 -> 2 | I66: =+'[1]Javier Chillogallo'!D5 -> 5 | J66: =+'[1]Javier Chillogallo'!E5 -> 3 | K66: =+'[1]Javier Chillogallo'!F5 -> 58 | L66: =+'[1]Javier Chillogallo'!G5 -> 6.8181818
A67: 1708029978 | B67: Guillermo Salazar | C67: Dirección Ejecutiva | D67: Dirección Ejecutiva | F67: =+'[1]Guillermo Salazar'!D5 -> 7 | G67: =+'[1]Guillermo Salazar'!E4 -> 0 | H67: =+'[1]Guillermo Salazar'!F4 -> 0 | I67: =+'[1]Guillermo Salazar'!D5 -> 7 | J67: =+'[1]Guillermo Salazar'!E5 -> 2 | K67: =+'[1]Guillermo Salazar'!F5 -> 40 | L67: =+'[1]Guillermo Salazar'!G5 -> 9.5454545
A68: 704487636 | B68: Liliana Márquez | C68: Dirección Ejecutiva | D68: Dirección Ejecutiva | F68: =+'[1]Liliana Marquez'!D5 -> 3 | G68: =+'[1]Liliana Marquez'!E4 -> 0 | H68: =+'[1]Liliana Marquez'!F4 -> 0 | I68: =+'[1]Liliana Marquez'!D5 -> 3 | J68: =+'[1]Liliana Marquez'!E5 -> 2 | K68: =+'[1]Liliana Marquez'!F5 -> 40 | L68: =+'[1]Liliana Marquez'!G5 -> 4.0909091
A69: 802123463 | B69: Lady Cedeño | C69: Dirección de Cooperación | D69: Dirección Ejecutiva | F69: =+'[1]Lady Cedeño'!D5 -> 1 | G69: =+'[1]Lady Cedeño'!E4 -> 0 | H69: =+'[1]Lady Cedeño'!F4 -> 0 | I69: =+'[1]Lady Cedeño'!D5 -> 1 | J69: =+'[1]Lady Cedeño'!E5 -> 3 | K69: =+'[1]Lady Cedeño'!F5 -> 60 | L69: =+'[1]Lady Cedeño'!G5 -> 1.3636364
A70: 1724607625 | B70: Lizeth Piedra | C70: Dirección Ejecutiva | D70: Presidencia | F70: =+'[1]Lizeth Piedra'!D5 -> 4 | G70: =+'[1]Lizeth Piedra'!E4 -> 0 | H70: =+'[1]Lizeth Piedra'!F4 -> 0 | I70: =+'[1]Lizeth Piedra'!D5 -> 4 | J70: =+'[1]Lizeth Piedra'!E5 -> 3 | K70: =+'[1]Lizeth Piedra'!F5 -> 60 | L70: =+'[1]Lizeth Piedra'!G5 -> 5.4545455
A71: 703297945 | B71: José Amaya | C71: Dirección de Asesoría Jurídica | D71: Dirección de Asesoría Jurídica | F71: =+'[1]José Amaya'!D5 -> 2 | G71: =+'[1]José Amaya'!E4 -> 4 | H71: =+'[1]José Amaya'!F4 -> 0 | I71: =+'[1]José Amaya'!D5 -> 2 | J71: =+'[1]José Amaya'!E5 -> 7 | K71: =+'[1]José Amaya'!F5 -> 60 | L71: =+'[1]José Amaya'!G5 -> 2.7272727
A72: 1711248417 | B72: José Luis López | C72: Dirección de planificación | D72: Dirección Ejecutiva | F72: =+'[1]José Luis López'!D5 -> 3 | G72: =+'[1]José Luis López'!E4 -> 0 | H72: =+'[1]José Luis López'!F4 -> 0 | I72: =+'[1]José Luis López'!D5 -> 3 | J72: =+'[1]José Luis López'!E5 -> 5 | K72: =+'[1]José Luis López'!F5 -> 20 | L72: =+'[1]José Luis López'!G5 -> 4.0909091
A73: 1721217154 | B73: Silvia Rodríguez | C73: Dirección de Fomento Productivo | D73: Dirección Ejecutiva | F73: =+'[1]Silvia Rodríguez'!D5 -> 3 | G73: =+'[1]Silvia Rodríguez'!E4 -> 0 | H73: =+'[1]Silvia Rodríguez'!F4 -> 0 | I73: =+'[1]Silvia Rodríguez'!D5 -> 3 | J73: =+'[1]Silvia Rodríguez'!E5 -> 5 | K73: =+'[1]Silvia Rodríguez'!F5 -> 20 | L73: =+'[1]Silvia Rodríguez'!G5 -> 4.0909091
A74: 1719356634 | B74: Diana Salguero | C74: Unidad de Gestión Social | D74: Dirección Ejecutiva | F74: =+'[1]Diana Salguero'!D5 -> 3 | G74: =+'[1]Diana Salguero'!E4 -> 0 | H74: =+'[1]Diana Salguero'!F4 -> 0 | I74: =+'[1]Diana Salguero'!D5 -> 3 | J74: =+'[1]Diana Salguero'!E5 -> 5 | K74: =+'[1]Diana Salguero'!F5 -> 20 | L74: =+'[1]Diana Salguero'!G5 -> 4.0909091
A75: 1711269488 | B75: Mayra Vernaza | C75: Dirección de Asesoría Jurídica | D75: Dirección de Asesoría Jurídica | F75: =+'[1]Mayra Vernaza'!D5 -> 1 | G75: =+'[1]Mayra Vernaza'!E4 -> 3 | H75: =+'[1]Mayra Vernaza'!F4 -> 39 | I75: =+'[1]Mayra Vernaza'!D5 -> 1 | J75: =+'[1]Mayra Vernaza'!E5 -> 1 | K75: =+'[1]Mayra Vernaza'!F5 -> 41 | L75: =+'[1]Mayra Vernaza'!G5 -> 1.3636364
A76: 1721081550 | B76: Andrés Baez | C76: Dirección de Comunicación | D76: Dirección de Comunicación | F76: =+'[1]Andrés Baez'!D5 -> 0 | G76: =+'[1]Andrés Baez'!E4 -> 0 | H76: =+'[1]Andrés Baez'!F4 -> 26 | I76: =+'[1]Andrés Baez'!D5 -> 0 | J76: =+'[1]Andrés Baez'!E5 -> 4 | K76: =+'[1]Andrés Baez'!F5 -> 54 | L76: =+'[1]Andrés Baez'!G5 -> 0
A77: 1753330560 | B77: Rodrigo Valenzuela | C77: Dirección Administrativa | D77: Dirección Administrativa | F77: =+'[1]Rodrigo Valenzuela'!D5 -> 2 | G77: =+'[1]Rodrigo Valenzuela'!E4 -> 0 | H77: =+'[1]Rodrigo Valenzuela'!F4 -> 0 | I77: =+'[1]Rodrigo Valenzuela'!D5 -> 2 | J77: =+'[1]Rodrigo Valenzuela'!E5 -> 5 | K77: =+'[1]Rodrigo Valenzuela'!F5 -> 20 | L77: =+'[1]Rodrigo Valenzuela'!G5 -> 2.7272727
A78: 1716985690 | B78: María Fernanda Zurita | C78: Dirección de Proyectos, Seguimiento y Monitoreo | D78: Dirección Ejecutiva | F78: =+'[1]María Fernando Zurita'!D5 -> 3 | G78: =+'[1]María Fernando Zurita'!E4 -> 0 | H78: =+'[1]María Fernando Zurita'!F4 -> 0 | I78: =+'[1]María Fernando Zurita'!D5 -> 3 | J78: =+'[1]María Fernando Zurita'!E5 -> 5 | K78: =+'[1]María Fernando Zurita'!F5 -> 20 | L78: =+'[1]María Fernando Zurita'!G5 -> 4.0909091
A79: 1715645691 | B79: Alejandro Morocho | C79: Dirección de Tecnologías de la Información | D79: Dirección Ejecutiva | F79: =+'[1]Alejandro Morocho'!D5 -> 3 | G79: =+'[1]Alejandro Morocho'!E4 -> 0 | H79: =+'[1]Alejandro Morocho'!F4 -> 0 | I79: =+'[1]Alejandro Morocho'!D5 -> 3 | J79: =+'[1]Alejandro Morocho'!E5 -> 5 | K79: =+'[1]Alejandro Morocho'!F5 -> 20 | L79: =+'[1]Alejandro Morocho'!G5 -> 4.0909091
A80: 1104625320 | B80: Matthew Armijos | C80: Dirección Ejecutiva | D80: Dirección Ejecutiva | F80: =+'[1]Matthew Armijos'!D5 -> 3 | G80: =+'[1]Matthew Armijos'!E4 -> 0 | H80: =+'[1]Matthew Armijos'!F4 -> 0 | I80: =+'[1]Matthew Armijos'!D5 -> 3 | J80: =+'[1]Matthew Armijos'!E5 -> 5 | K80: =+'[1]Matthew Armijos'!F5 -> 20 | L80: =+'[1]Matthew Armijos'!G5 -> 4.0909091
A81: 1104981327 | B81: Danixa Calderón | C81: Dirección Financiera | D81: Dirección Ejecutiva | F81: =+'[1]Danixa Calderón'!D5 -> 3 | G81: =+'[1]Danixa Calderón'!E4 -> 0 | H81: =+'[1]Danixa Calderón'!F4 -> 0 | I81: =+'[1]Danixa Calderón'!D5 -> 3 | J81: =+'[1]Danixa Calderón'!E5 -> 5 | K81: =+'[1]Danixa Calderón'!F5 -> 20 | L81: =+'[1]Danixa Calderón'!G5 -> 4.0909091
A82: 1718380650 | B82: Carlos Pabón | C82: Dirección de Comunicación | D82: Dirección de Comunicación | F82: =+'[1]Carlos Pabón'!D5 -> 2 | G82: =+'[1]Carlos Pabón'!E4 -> 1 | H82: =+'[1]Carlos Pabón'!F4 -> 23 | I82: =+'[1]Carlos Pabón'!D5 -> 2 | J82: =+'[1]Carlos Pabón'!E5 -> 3 | K82: =+'[1]Carlos Pabón'!F5 -> 57 | L82: =+'[1]Carlos Pabón'!G5 -> 2.7272727
A83: 550237242 | B83: Lisbeth Ortiz | C83: Dirección de Cooperación | D83: Dirección de Cooperación | F83: =+'[1]Lisbeth Ortiz'!D5 -> 2 | G83: =+'[1]Lisbeth Ortiz'!E4 -> 0 | H83: =+'[1]Lisbeth Ortiz'!F4 -> 30 | I83: =+'[1]Lisbeth Ortiz'!D5 -> 2 | J83: =+'[1]Lisbeth Ortiz'!E5 -> 4 | K83: =+'[1]Lisbeth Ortiz'!F5 -> 50 | L83: =+'[1]Lisbeth Ortiz'!G5 -> 2.7272727
A84: 704094234 | B84: Cristhian Duma | C84: Dirección de Cooperación | D84: Dirección de Cooperación | F84: =+'[1]Cristhian Duma'!D5 -> 2 | G84: =+'[1]Cristhian Duma'!E4 -> 0 | H84: =+'[1]Cristhian Duma'!F4 -> 24 | I84: =+'[1]Cristhian Duma'!D5 -> 2 | J84: =+'[1]Cristhian Duma'!E5 -> 4 | K84: =+'[1]Cristhian Duma'!F5 -> 56 | L84: =+'[1]Cristhian Duma'!G5 -> 2.7272727
A85: 1003303433 | B85: Jhonathan Rojas | C85: Dirección de Cooperación | D85: Dirección de Cooperación | F85: =+'[1]Jhonathan Rojas'!D5 -> 2 | G85: =+'[1]Jhonathan Rojas'!E4 -> 0 | H85: =+'[1]Jhonathan Rojas'!F4 -> 0 | I85: =+'[1]Jhonathan Rojas'!D5 -> 2 | J85: =+'[1]Jhonathan Rojas'!E5 -> 5 | K85: =+'[1]Jhonathan Rojas'!F5 -> 20 | L85: =+'[1]Jhonathan Rojas'!G5 -> 2.7272727
A86: 400701249 | B86: Ricardo Villarreal | C86: Dirección de Proyectos, Seguimiento y Monitoreo | D86: Dirección de Proyectos, Seguimiento y Monitoreo | F86: =+'[1]Ricardo Villarreal'!D5 -> 2 | G86: =+'[1]Ricardo Villarreal'!E4 -> 0 | H86: =+'[1]Ricardo Villarreal'!F4 -> 0 | I86: =+'[1]Ricardo Villarreal'!D5 -> 2 | J86: =+'[1]Ricardo Villarreal'!E5 -> 5 | K86: =+'[1]Ricardo Villarreal'!F5 -> 20 | L86: =+'[1]Ricardo Villarreal'!G5 -> 2.7272727
A87: 803484765 | B87: Ángela Calderón | C87: Dirección de Cooperación | D87: Dirección de Cooperación | F87: =+'[1]Ángela Calderón'!D5 -> 1 | G87: =+'[1]Ángela Calderón'!E4 -> 0 | H87: =+'[1]Ángela Calderón'!F4 -> 0 | I87: =+'[1]Ángela Calderón'!D5 -> 1 | J87: =+'[1]Ángela Calderón'!E5 -> 6 | K87: =+'[1]Ángela Calderón'!F5 -> 40 | L87: =+'[1]Ángela Calderón'!G5 -> 1.3636364
A88: 1722445408 | B88: Marcelo Vaca | C88: Dirección de Comunicación | D88: Dirección de Comunicación | F88: =+'[1]Marcelo Vaca'!D5 -> 1 | G88: =+'[1]Marcelo Vaca'!E4 -> 0 | H88: =+'[1]Marcelo Vaca'!F4 -> 0 | I88: =+'[1]Marcelo Vaca'!D5 -> 1 | J88: =+'[1]Marcelo Vaca'!E5 -> 6 | K88: =+'[1]Marcelo Vaca'!F5 -> 40 | L88: =+'[1]Marcelo Vaca'!G5 -> 1.3636364
A89: 602287674 | B89: Cristina Buenaño | C89: Dirección de Proyectos, Seguimiento y Monitoreo | D89: Dirección de Proyectos, Seguimiento y Monitoreo | F89: =+'[1]Cristina Buenaño'!D5 -> 1 | G89: =+'[1]Cristina Buenaño'!E6 -> 0 | H89: =+'[1]Cristina Buenaño'!F4 -> 2 | I89: =+'[1]Cristina Buenaño'!D5 -> 1 | J89: =+'[1]Cristina Buenaño'!E5 -> 6 | K89: =+'[1]Cristina Buenaño'!F5 -> 38 | L89: =+'[1]Cristina Buenaño'!G5 -> 1.3636364
A90: 1721295812 | B90: Marcelo Armas | C90: Dirección de Vialidad, Infraestructura, Riego y Drenaje | D90: Dirección de Vialidad, Infraestructura, Riego y Drenaje | F90: =+'[1]Marcelo Armas'!D5 -> 0 | G90: =+'[1]Marcelo Armas'!E4 -> 0 | H90: =+'[1]Marcelo Armas'!F4 -> 11 | I90: =+'[1]Marcelo Armas'!D5 -> 0 | J90: =+'[1]Marcelo Armas'!E5 -> 6 | K90: =+'[1]Marcelo Armas'!F5 -> 29 | L90: =+'[1]Marcelo Armas'!G5 -> 0
A91: 1722625850 | B91: Cristhopher Brito | C91: Dirección de Fomento Productivo | D91: Dirección de Fomento Productivo | F91: =+'[1]Cristhopher Brito'!D5 -> 0 | G91: =+'[1]Cristhopher Brito'!E4 -> 0 | H91: =+'[1]Cristhopher Brito'!F4 -> 0 | I91: =+'[1]Cristhopher Brito'!D5 -> 0 | J91: =+'[1]Cristhopher Brito'!E5 -> 6 | K91: =+'[1]Cristhopher Brito'!F5 -> 40 | L91: =+'[1]Cristhopher Brito'!G5 -> 0
A92: 1713557609 | B92: Carla Niama | C92: Dirección de Vialidad, Infraestructura, Riego y Drenaje | D92: Dirección de Vialidad, Infraestructura, Riego y Drenaje | F92: =+'[1]Carla Niama'!D5 -> 0 | G92: =+'[1]Carla Niama'!E4 -> 0 | H92: =+'[1]Carla Niama'!F4 -> 54 | I92: =+'[1]Carla Niama'!D5 -> 0 | J92: =+'[1]Carla Niama'!E5 -> 5 | K92: =+'[1]Carla Niama'!F5 -> 46 | L92: =+'[1]Carla Niama'!G5 -> 0
A93: 802939389 | B93: Sandra Pinto | C93: Dirección Ejecutiva | D93: Dirección Ejecutiva | F93: =+'[1]Sandra Pinto'!D5 -> 0 | G93: =+'[1]Sandra Pinto'!E4 -> 0 | H93: =+'[1]Sandra Pinto'!F4 -> 30 | I93: =+'[1]Sandra Pinto'!D5 -> 0 | J93: =+'[1]Sandra Pinto'!E5 -> 2 | K93: =+'[1]Sandra Pinto'!F5 -> 10 | L93: =+'[1]Sandra Pinto'!G5 -> 0
A94: 1005404957 | B94: Cristina Hugo | C94: Dirección de Comunicación | D94: Dirección de Comunicación | F94: =+'[1]Cristina Hugo'!D5 -> 0 | G94: =+'[1]Cristina Hugo'!E4 -> 0 | H94: =+'[1]Cristina Hugo'!F4 -> 0 | I94: =+'[1]Cristina Hugo'!D5 -> 0 | J94: =+'[1]Cristina Hugo'!E5 -> 0 | K94: =+'[1]Cristina Hugo'!F5 -> 0 | L94: =+'[1]Cristina Hugo'!G5 -> 0
A95: 1721904363 | B95: Liliana Tapia | C95: Dirección de Planificación y Desarrollo Territorial | D95: Direcció de Planificación y Desarrollo Territorial | F95: =+'[1]Liliana Tapia'!D5 -> 0 | G95: =+'[1]Liliana Tapia'!E4 -> 0 | H95: =+'[1]Liliana Tapia'!F4 -> 0 | I95: =+'[1]Liliana Tapia'!D5 -> 0 | J95: =+'[1]Liliana Tapia'!E5 -> 0 | K95: =+'[1]Liliana Tapia'!F5 -> 0 | L95: =+'[1]Liliana Tapia'!G5 -> 0
A96: 1721773511 | B96: Andrea Guamba | C96: Dirección de Cooperación | D96: Dirección de Cooperación | F96: =+'[1]Andrea Guamba'!D5 -> 0 | G96: =+'[1]Andrea Guamba'!E4 -> 0 | H96: =+'[1]Andrea Guamba'!F4 -> 0 | I96: =+'[1]Andrea Guamba'!D5 -> 0 | J96: =+'[1]Andrea Guamba'!E5 -> 0 | K96: =+'[1]Andrea Guamba'!F5 -> 0 | L96: =+'[1]Andrea Guamba'!G5 -> 0
A97: 1707633838 | B97: Fernando Viteri | C97: Dirección de Comunicación | D97: Dirección Ejecutiva | F97: =+'[1]Fernando Viteri'!D5 -> 2 | G97: =+'[1]Fernando Viteri'!E4 -> 0 | H97: =+'[1]Fernando Viteri'!F4 -> 0 | I97: =+'[1]Fernando Viteri'!D5 -> 2 | J97: =+'[1]Fernando Viteri'!E5 -> 5 | K97: =+'[1]Fernando Viteri'!F5 -> 20 | L97: =+'[1]Fernando Viteri'!G5 -> 2.7272727
A98: 1719219576 | B98: Carlos Játiva | C98: Dirección de Vialidad, Infraestructura, Riego y Drenaje | D98: Dirección Ejecutiva | F98: =+'[1]Carlos Játiva'!D5 -> 0 | G98: =+'[1]Carlos Játiva'!E4 -> 0 | H98: =+'[1]Carlos Játiva'!F4 -> 0 | I98: =+'[1]Carlos Játiva'!D5 -> 0 | J98: =+'[1]Carlos Játiva'!E5 -> 0 | K98: =+'[1]Carlos Játiva'!F5 -> 0 | L98: =+'[1]Carlos Játiva'!G5 -> 0
A99: 1714333364 | B99: Radharani Dasi | C99: Dirección de Gestión Ambiental | D99: Dirección de Gestión Ambiental | F99: =+'[1]Radharani Dasi'!D5 -> -1 | G99: =+'[1]Radharani Dasi'!E4 -> 0 | H99: =+'[1]Radharani Dasi'!F4 -> 0 | I99: =+'[1]Radharani Dasi'!D5 -> -1 | J99: =+'[1]Radharani Dasi'!E5 -> 0 | K99: =+'[1]Radharani Dasi'!F5 -> 0 | L99: =+'[1]Radharani Dasi'!G5 -> -1.3636364
A100: 1713639233 | B100: Santiago Andrade | C100: Dirección de Gestión Ambiental | D100: Dirección de Gestión Ambiental | F100: =+'[1]Santiago Andrade'!D5 -> -1 | G100: =+'[1]Santiago Andrade'!E4 -> 0 | H100: =+'[1]Santiago Andrade'!F4 -> 0 | I100: =+'[1]Santiago Andrade'!D5 -> -1 | J100: =+'[1]Santiago Andrade'!E5 -> 0 | K100: =+'[1]Santiago Andrade'!F5 -> 0 | L100: =+'[1]Santiago Andrade'!G5 -> -1.3636364
...
